package_id,ressource_id,filename
e670b1d3-54b6-4c01-927d-140dd47fd461,2cef03c6-5c55-4921-a8cb-4ee5c32cc731,00000000.csv
821d3a58-4ce6-430c-bc16-0aa083fc8dfc,73ad01eb-65af-485a-917f-d155ab48d7a1,00000001.csv
2c0f7006-814c-4b95-9e05-4afb709bfde7,e7e998bc-01a0-4467-8f52-164db5776864,00000002.csv
03347dc7-1f31-45c3-a27d-3bb8edf30646,e76a9e26-c9b6-42b6-a4f5-fb93ee1c96f2,00000003.csv
ee4f9032-ab5d-452f-9a51-2a72ead7d386,d50f3e51-8274-44a5-9457-ea56a7e3d041,00000004.csv
4306ff8e-979c-4b99-a156-e07739cc14d2,4ba0ca0d-6743-4d9e-a083-6ba6f7592fab,00000005.csv
5b1d787e-b8cc-4a94-bdd9-8d834fb9c087,3d7c5a90-987a-4bd8-a568-b70f908067b5,00000006.csv
5c4c4e70-192a-4583-9bc0-519a608257bf,81c2e55e-114c-48fd-a17d-9cfb5672803b,00000007.csv
9ad0d221-e156-47c9-af01-e8d5eae581d2,1fd74cd1-6a8e-48d4-b9ef-5742f39f302f,00000008.csv
aeb8d63f-9fca-481a-8bca-7d02a41dee35,1b05a093-1d07-4f50-ae07-238629dac280,00000009.csv
81442b3f-485b-49a9-be77-2f16bdcf7c96,f89678a5-a33e-4f3e-a688-263c7bc3731b,00000010.csv
a6c5cdcb-a04a-4846-9e47-e139a1b927b6,8637d9e6-eb95-4368-8413-14f8ae669771,00000011.csv
16c3a79d-675f-43f2-8ec2-5a3bfcd8e5bc,796fb71b-54c1-4593-95c8-75a2f34bd87e,00000012.csv
5b3f4d5f-6bbc-49b0-8fde-c3ca7286f050,895de4c6-79d9-41c7-99e6-6655fea4b50e,00000013.csv
e801898a-f1e9-464a-8ae9-32eea3c9dbe4,1b3ed374-8e05-49e1-b8d0-0910e887e618,00000014.csv
ccdd1eda-0b21-4579-b999-c212120b308f,fe35d503-8cff-4107-88e9-97cac6597754,00000015.csv
84eb8f23-e1fe-430b-b4a3-ac20cc3abe02,880da102-8d1d-4e63-abbb-06f94279ba5f,00000016.csv
008352c2-905b-4c42-aef8-f88c78f6fa50,9a008f78-f3c8-49c8-9473-3f75564ef9e2,00000017.csv
d4498d4d-ad2b-45c3-8629-2980bde8b780,5b85de1a-5acf-472d-9aab-d0125d4cf8d6,00000018.csv
8502e3ce-ee12-4835-9e91-430d1521a0df,b938fae2-79e0-4a24-8164-8cd90e1ef1bd,00000019.csv
0844fb1a-9594-44eb-afaa-769fec7b0308,b12112a5-642e-4eca-ba1f-a73091a1696f,00000020.csv
f70d43df-30e4-4213-b2c6-62bda7c40bde,65450197-4d2b-45c0-9f0c-ffbc533cce7f,00000021.csv
4a266560-85c8-43e2-89b0-357bf3b1b6bd,ae6d6e47-5d71-4bc2-a3ac-c41008865d9d,00000022.csv
358550ed-d644-45d2-9757-ba1b86eca0a9,b73e8ac5-9b82-41a9-983d-df6c318080d6,00000023.csv
951504cd-debf-43e7-916a-deb9e0e7184b,9cd52a35-b9ef-48d4-b488-ee29e7f239d5,00000024.csv
8c83d583-11ed-4c74-9a9a-5a55e42591e8,6f809082-eba7-41c1-a487-1db317be7300,00000025.csv
b7262cf9-40c8-4e7d-b760-4269b23f1d44,e0f502b6-d1f0-4959-a407-40f02e472e2c,00000026.csv
a68cd8b4-ba38-4ded-bd85-6aaaf870705f,2280f814-b4d7-401f-add4-a76fe7fbdf50,00000027.csv
cfb07573-a2ad-4a87-9f79-c0900beed8e2,5f5e175c-973a-4cdd-bdc3-1296c8622cc0,00000028.csv
24e3679b-24a4-4732-8d44-54043c53264c,44e3ed92-8888-409f-bb93-c01395b59ecf,00000029.csv
50a5e890-d4c3-466f-82d3-1467770021b3,9e694b44-c4db-404c-8d17-ec17c8d4d51f,00000030.csv
3d556807-c1be-4cab-a0a0-4bf15fecfce2,453a3dbb-3d97-4a3d-a1fc-d0799edac570,00000031.csv
eea8d8ca-cafa-4ac3-99ce-d33558091bbc,aba8c7f5-fe72-4f4c-a871-50cb37e86841,00000032.csv
b7581445-6ef2-4c08-9b24-25b402360301,8db531e7-3d16-44a9-a80c-5a099f91face,00000033.csv
423ba56b-fb58-4ecd-a208-ecdcfe3e617d,c047af36-2b2f-49b8-bf69-706aec64b317,00000034.csv
5bcb49d1-1194-4c0f-adb0-4369e46aef07,85324ed5-5000-48c1-a6ed-3c2e2e195410,00000035.csv
90f9e76b-a2fe-48e9-9fd3-61d5e4dbf405,48ea0f43-95a5-442a-85a0-924eab976157,00000036.csv
a3413632-6b57-442d-8c6b-baccbc6ef15b,8e351c28-4515-4de9-b876-c8d096e52b1e,00000037.csv
dd00cccd-86fe-4e4e-8649-28687abad530,891eeec7-9ce9-4aa0-a9ca-a90cfd312819,00000038.csv
076b8424-690a-4cdf-a682-f30d982bdb5b,09d35f03-989a-4504-8de9-99d5231ad108,00000039.csv
c06bebde-41d5-4904-ae6e-47eb23e753df,4402c7ab-c770-49a3-82a8-1784a108c736,00000040.csv
503cf13b-6473-414d-9057-c9c631c7ee0f,f44890db-9dbf-4238-81e7-2e682b6b6cb4,00000041.csv
fabf804c-a578-4af4-98d5-51af4a165f8f,c7d2e132-625c-40ec-aa26-e106ea07ffe8,00000042.csv
852f82cc-d325-4922-b7a3-3ecf6ca9bcc7,6a2b3fb7-c9cf-4425-a426-c237b55dc99f,00000043.csv
4c8b0d69-2567-403b-8970-6e068dca61e8,1410b89c-006f-415a-803e-eab2faa730ad,00000044.csv
5879a12f-454f-4270-bf9e-6367dfaac1a3,a3dd7fd2-8bf3-4b5e-977b-d72170e6e9ab,00000045.csv
d73b8352-8798-4a44-b622-6cc32ee8911c,091a6b6e-39cc-4a23-82d6-08317a30ac51,00000046.csv
be11692f-3b06-44fd-8ab8-5abb57a6dbf6,2c152e44-b02e-4734-b81e-9b24ef7069ae,00000047.csv
3096f463-492c-42ec-bd51-246673721d16,158c063f-a297-4957-a284-0b516c1450f3,00000048.csv
ad7e30e3-934b-44b8-b2f8-675866d445e8,97951c63-c7ba-4c36-8686-49f93fa2c25f,00000049.csv
9406e37b-0a4f-4c8d-a3da-162859a76993,89bcf335-cc08-466a-8c94-640440a9dff4,00000050.csv
8759ed78-5c79-49ed-b095-0277de56949a,6bda6dd6-bb88-43e6-8d16-a68c2235169c,00000051.csv
de304fbf-cf91-481e-b454-436f52ae06b5,b88a07e4-1ce5-457d-a2cc-5362b074bce8,00000052.csv
7dfbe837-6673-4431-bb3a-c9e43caa5c3b,a6a37bf0-5667-468e-8805-c3200bb62ca7,00000053.csv
65a31de0-6644-44cf-819a-79d4f33ef550,2419dd57-a208-4d49-84c3-4789944ab458,00000054.csv
051622e4-f99e-4d6f-beca-3cd60116e70b,57824683-fab8-4cfd-b41c-75be1ecb101b,00000055.csv
a37945f8-c049-41c9-b80d-ceeb4fc35ea2,9caaafc1-36f3-410c-950e-a6ae07d5d2b9,00000056.csv
ef9b6a48-7c08-48dd-ab9c-81c20e1cf4c6,3c7046c2-238c-42bd-b698-c1804785bef5,00000057.csv
b6f0bcbb-09c4-4b4a-8362-06f4f5011e02,627d68cb-63cb-4e3a-9dcd-a45e1766266a,00000058.csv
faf686e9-1fdc-40e5-8233-65e9277bff5e,3aaace53-afe9-44b7-b833-bf8f33a3920f,00000059.csv
91bf3b7d-bd7f-4d53-81b6-e16db5e207a8,8c557043-3879-4e38-a7ec-47855f4e9a91,00000060.csv
5937f9a3-910d-4c6e-a9bf-32a0402f05ad,1ea3f4b2-c1c8-40fe-ae44-4ffb87bb7b77,00000061.csv
030ff409-a8e0-4f73-8e07-f8401d900899,100ec73d-aeeb-4bda-81d9-ef744c7556c9,00000062.csv
9161520a-31a3-4b0c-851c-9b36ee50caee,929b6f31-488b-4f79-b4cc-e746e47856b7,00000063.csv
1b28dab6-0410-47ae-b2c1-171a080554b9,41fd184a-6bf4-4eb6-8191-9e3eebeafdd5,00000064.csv
7b197fe5-6e73-483f-8f36-f03f8f603840,17a1c34c-b88f-4e30-b316-7ff45b9d35c3,00000065.csv
14e1e80a-7b51-49ce-888a-f4e12649370b,2b0d5d9f-c3fc-4c0d-a968-4bbf9181826a,00000066.csv
6732a4b4-9aed-4264-84d3-3ec907982eec,b26cd222-6115-4593-8af2-135cebed616c,00000067.csv
6299fbb8-1b05-4841-8c57-66c9cb047391,119d2eed-bcc6-4640-a9c2-2d160558cfd1,00000068.csv
3c19d164-44f9-4695-8723-6524391220a4,fb36646f-5467-4ff6-ace7-94e096b862db,00000069.csv
696abde2-79cb-4f22-9ca1-8802aff6a89e,38b713df-f6fd-4890-a9d3-838759ccdbff,00000070.csv
e611c341-1ce8-4117-b767-0a6598be7e36,78c14ad8-0c5f-49d5-96cf-8760aeb295c1,00000071.csv
aa5fe52b-0ff8-4707-831a-63d17dab5074,b91ef070-44a3-4794-90fd-45abf9bf3e63,00000072.csv
d2595aa0-1ce8-4ee9-8245-c49073ee1af3,f668e793-f62d-4801-b33f-f8d9e9cb1e97,00000073.csv
5dd41226-4542-473e-bfc8-2af0375c1131,d2fb21ba-704f-46b4-bfbc-8c35ef78781a,00000074.csv
34885a7e-863a-4835-b89d-ff66192a1673,dec88555-05d5-4345-b830-2ea10d41d18f,00000075.csv
f9833dda-52a5-44ad-a959-ed25f2db750d,6f3745f0-4696-434d-8120-5027a606a85e,00000076.csv
e99ecdf8-8fdf-4a02-9e89-1eeb81347a1b,a7668f59-24bc-4c1b-9aca-15dd3a7bd6ce,00000077.csv
d78af0cc-ad47-4c4c-ac21-0b60d9bf9eb1,a749d0f5-d1ab-4cc7-9636-c47d25871786,00000078.csv
bb58a756-c722-4cfd-9a1f-78443cb3293f,4291e745-0be8-41a5-a4f1-4dd75925073b,00000079.csv
bda43582-c7c8-403f-ab01-5ef8c4ea7041,d546dd2c-3bf5-4df8-87ea-735c93ef9449,00000080.csv
00168259-cfc4-4cf9-a809-e1043d478472,a9e2d8d5-c427-4ba7-9e61-59890aef0e5f,00000081.csv
57f6d485-303e-4368-87a4-3ea000d66ce8,b0540488-3436-473f-a15d-7e935ba45caf,00000082.csv
33d09fad-3bc6-4f12-bf29-af9f9104def7,bb5cf3a5-cc3e-499c-839a-33326377a189,00000083.csv
5687d173-6307-4fe1-953b-d60f26bee79e,5af1bf5c-7eae-4471-bae4-1b7461e0a63d,00000084.csv
8c22b03c-ab45-44f5-a40b-6a7c4a58cb19,7a60071a-e6f0-44fa-aaca-1b6eea8268cd,00000085.csv
01db61e9-182b-475a-9ed2-a00a1548e5fb,c075575c-8c02-4a6d-8304-2ede02945d02,00000086.csv
995e780f-8ffb-416d-9bb1-1b07f72030f4,ea174f5c-98bc-4554-b1d0-7ebfb99fb545,00000087.csv
9d40f626-271e-49fb-863a-45ac3717f761,8cb7fad0-6374-4dc3-a58a-b716bad18fac,00000088.csv
f8560762-8c2f-4d1e-afe7-30cddae310f1,e2a919cf-6854-4be8-a3a9-01dcc9c49cbc,00000089.csv
541667fd-2987-4123-b442-997e46940ad5,48506510-f2e2-4450-a232-d194fbb025c5,00000090.csv
971e5784-6a51-4624-a3ea-3a4ace8034c3,b0311109-2bd4-4c13-b730-8db584e2795b,00000091.csv
0c63ec10-d257-47f9-a236-57530f00e881,7a469d5e-b8e4-4100-828f-e7abeed78b92,00000092.csv
d477be6f-7797-41db-8bab-b5a064f78c73,3f2aa779-b7c6-435b-af5c-820994c21c88,00000093.csv
e6e1cec1-4b62-45d4-9f10-656f769a677c,af9aa035-203d-4321-b756-650698dc4ad8,00000094.csv
daa6d4f3-7d01-4aed-a45f-6d431899b2dc,463cf47e-676c-45bf-ae0a-3cd8305a0bce,00000095.csv
f4f921cb-3842-4049-9a18-05aea131da47,8047a622-0cf7-4445-ba7b-afb52aa7e359,00000096.csv
827aef0c-8c0c-4b91-8bc1-a246041521b7,aea41776-57c1-4177-9b71-91c8072a9263,00000097.csv
5202d319-8713-4890-af1c-002315cd0c8b,35ea6720-2bd8-4028-b93f-9f5b46b19fd1,00000098.csv
1fdca8d9-4306-43a2-a7d5-d47ff65ef174,616af524-c0f8-4fce-9e74-a33c5ceeb6f6,00000099.csv
30488fe3-ca3d-4924-acaa-e68835eb4415,ca2160db-b125-4225-b6bc-8f8c9f4cd030,00000100.csv
d8f4560c-4c00-495a-a9c2-80a585f34b63,a5318e63-a23e-4481-a803-1f33a867b0c6,00000101.csv
57edebcb-f68e-4d11-ae23-a5884fafe799,ee670b1e-0a16-48b7-b079-52a23d1c5e8d,00000102.csv
2ea8e5fd-d846-4eec-a44b-48e96d25fe82,4fe0bc6a-af91-419e-a577-cbed4b9428f8,00000103.csv
e4b71a17-3eb9-4023-9c9b-4b318bf96473,a948b4cf-b083-4012-a46d-6a81ac52186f,00000104.csv
774d1e0b-6503-415d-9b57-2dad25d60170,f4e5f06e-fe5f-4f04-82c4-e12d2701d231,00000105.csv
f24179c0-5f9e-4391-b77a-6ee05e461104,bcfddc71-5011-42d4-89b5-16f34e537cc3,00000106.csv
79798088-c2bd-49b2-b48a-1ccb2fdd8bb4,ae71bfbd-53e6-40d6-9662-974ef2511349,00000107.csv
6911abe5-5c8c-46b2-96cb-85997575f468,8050fe79-01aa-46a0-a01e-e59f99f55dc9,00000108.csv
91fbe0d9-97b4-4a22-8330-2233ff05985b,a521fd23-3852-4438-b4dd-7db3d5c46615,00000109.csv
063131e6-b691-49ff-bb9e-3c3e135bc3ef,d0ecdcc8-bd4e-4f36-9cc9-04acd9db5891,00000110.csv
7f6964cf-5a05-4cac-a761-ab12ce0e5d9b,109f42c5-6d65-423b-915a-31b1ee5341f5,00000111.csv
0e5990b1-4c17-464e-be8c-7853eaca25ef,5328e625-11fd-4d1a-adaa-d5b78eb0b929,00000112.csv
3f15624b-73e4-4f5e-8ff1-d5cbb9f766c6,f738d191-7885-4f1d-b15a-5b60572d1ca4,00000113.csv
ebcc2d7f-de4e-468c-bf7b-d43eb63c49f4,33ede1c3-7643-4d35-9cce-9765a2ce6925,00000114.csv
27d9fd67-409a-4d13-b8d9-2e5844eefd4d,6d6d4a2f-5e43-4a2b-88d2-5659ea92bc6f,00000115.csv
5cd97df0-fc60-4698-a52b-82cd59103ea2,5c67ffaf-b1f0-491d-b501-8dc34a6a8dd6,00000116.csv
a86bfb26-e422-4c80-8f62-9da3c52e9f98,d0400526-3714-4d3c-bfe7-218a7356b66f,00000117.csv
af667b00-844f-45d8-b94e-5eb6a2a7a27b,920c991c-bf5b-4e7c-8e9d-13b41770426f,00000118.csv
379ad64d-d357-42cb-9e1a-3a2f12b32abd,f1acd40b-364f-4a98-ba25-90a957620139,00000119.csv
8b43a31a-0a38-495f-aa39-a1f32f9767c6,b7fde888-0311-4cc6-b0c3-2e118b6799dd,00000120.csv
2a719100-99f4-4631-94a1-e5b7feb77b0e,4df67ec0-b9e0-47a2-a2aa-cdbc81dac29f,00000121.csv
3f5124d3-27cd-487f-a4cf-d1a91d5b4bdf,349fcb82-c92d-4893-9d01-95c0df09741e,00000122.csv
4c73e962-9ead-47a8-9d94-fa488ec920cf,52986812-6b80-40fe-8fdc-048ce5248a5c,00000123.csv
f811ce3e-2996-4353-afea-70c957f86ad6,1710cba2-860c-4535-bb10-6cf12f518c4a,00000124.csv
12d6649e-60a5-43c2-b991-d260d08acd5c,f3191f85-390f-4012-8672-6ea2685c2764,00000125.csv
5baaa3df-bfd2-4af3-ae88-8b835edc6d37,57ce3457-5918-444e-8943-d438ac391e66,00000126.csv
0db970dd-0bc7-402e-951f-5622ec9d120e,76f82d14-3d03-4a02-86b2-fc30c996c604,00000127.csv
8ae794bb-d909-4324-87c0-cd04b7ae9422,e2c82846-bfa7-4d28-adc1-65b517f27ac2,00000128.csv
ed33632c-7da7-4995-ad13-aeb4f7d97f99,b6b1ac28-efbe-4801-b0ef-c91850aaa8bb,00000129.csv
227fb793-50e3-4640-94cb-20ee9b7dbe1a,be5c4f04-e298-4871-ada5-058541280545,00000130.csv
fb8e37f5-cdaa-48a8-8e3a-08f9a71469cf,eb49f717-084d-4da6-aa27-371dcbf3c228,00000131.csv
a97ff738-7cc3-4cd4-9741-8be8eafd0c2a,8d24060e-0bcd-426d-acc8-7b6e339d69f1,00000132.csv
ebf1ef0c-842e-4aff-ac0c-54b373619e21,75e5ce9d-03ad-41c8-aea8-eeefe2273c99,00000133.csv
796691f7-6aab-43f8-85b3-88fd110bf7f0,2f91a460-b70b-4f7b-80aa-c6cbc6582022,00000134.csv
b94115a8-1f10-4aaa-b8ab-49168847126c,b658ca2a-02d8-4122-9fde-c370dd038703,00000135.csv
c66ed6b5-53e7-4e76-8fd5-37076509a8ff,aaac1879-0fa3-4de2-be10-819882a5b610,00000136.csv
6cc6dc94-82f8-4850-b8d6-c1d78af35827,83bba423-f1e0-4ba6-b44c-569455214fe7,00000137.csv
684e2604-ca5d-4fd3-8ef1-9930613d5673,84f7af21-5a0d-4046-a51b-af3068605496,00000138.csv
e4e16e35-87d0-4371-a113-cddd8898f7c1,614a2bd7-6d85-44ce-b02a-ffc8493d5468,00000139.csv
a9c5cfb5-ee2a-4620-a1aa-1bc9baeb92f1,3f6c0a74-bf3d-4899-aeac-9443ef1a4b1f,00000140.csv
de39dcb1-6490-4b7f-b353-9c32a95da2fd,2bd31bbd-382b-43d9-ad59-e455bd0636a4,00000141.csv
db0d3cef-1d28-4b14-afdc-9c596f71c8c2,b3eec9f3-25f9-4779-9efd-06c93a314bcf,00000142.csv
094c890c-635e-45f8-8c88-a23780dba898,749e6337-b1a2-4943-925d-a5c03c68a99b,00000143.csv
b21b03d3-29e4-430f-96c0-54d32538800a,3923f2f9-451f-4131-8e70-e67e34180ad7,00000144.csv
462f6794-0927-448d-a661-8508edf8146b,390bc793-4f12-4701-8f63-6249e8c2e5b3,00000145.csv
347eb89c-ee56-45bd-9e59-30fe663ce78a,b84df9ba-dd9b-4471-a617-d2119fbbc085,00000146.csv
d2bbe3ed-b8db-4859-a4c5-da0c3ebeb1f0,86c4a60b-1829-43f3-86fd-2c4417b197cd,00000147.csv
d6c51cda-1861-4aab-b72b-103311cc2bb9,90bf85c7-67ce-405e-9235-ba7db0311bc1,00000148.csv
7e0779be-72bb-4e62-97bc-0e65629373e4,ff1c4fc3-484f-41c4-89d4-35226e6b4dee,00000149.csv
76e068e5-b4cc-4032-81ca-553f72c7ebe7,fe193739-41ac-41b8-afd3-2520a9c8d58b,00000150.csv
50c7c307-5f8c-4250-8a9d-5d29756ecd29,d4228f88-b740-4a6c-aca9-cdd6f542762b,00000151.csv
6bb05375-5392-442d-972c-d98a0bef8bed,e8a8eeac-c0c2-4d1c-8cce-84cccfca2336,00000152.csv
15a5ab3e-e6f4-4576-a8b5-6027b7f5df4c,d9c52718-1496-4037-8e83-571de85733b5,00000153.csv
